Model,MC1,MC2,bleu acc,rouge1 acc
gpt2,0.0,0.0931070732745352,0.6666666666666666,0.6666666666666666
neo-small,0.0,0.6810729603764457,1.0,0.6666666666666666
